{
  "main": {
    "id": "f66b70ee5ba755a8",
    "type": "split",
    "children": [
      {
        "id": "7cbc6ce9a7ef2a5e",
        "type": "tabs",
        "children": [
          {
            "id": "4155ce319d1e8001",
            "type": "leaf",
            "state": {
              "type": "markdown",
              "state": {
                "file": "segundo analisis (comprobación hipótesis=/preparación de los textos/DESCRIPCIÓN DETALLADA DE CÓMO CONSEGUÍ LOS METADATOS Y DE QUÉ ES UN JSON.md",
                "mode": "preview",
                "source": false
              }
            }
          }
        ]
      }
    ],
    "direction": "vertical"
  },
  "left": {
    "id": "18609be26ef52843",
    "type": "split",
    "children": [
      {
        "id": "cf0da06a483fab45",
        "type": "tabs",
        "children": [
          {
            "id": "52e67e059d5ce618",
            "type": "leaf",
            "state": {
              "type": "file-explorer",
              "state": {
                "sortOrder": "alphabetical"
              }
            }
          },
          {
            "id": "fe6b793ff9585417",
            "type": "leaf",
            "state": {
              "type": "search",
              "state": {
                "query": "",
                "matchingCase": false,
                "explainSearch": false,
                "collapseAll": false,
                "extraContext": false,
                "sortOrder": "alphabetical"
              }
            }
          },
          {
            "id": "751efb99fdc2c2cc",
            "type": "leaf",
            "state": {
              "type": "bookmarks",
              "state": {}
            }
          }
        ]
      }
    ],
    "direction": "horizontal",
    "width": 300
  },
  "right": {
    "id": "d92ec353da9868de",
    "type": "split",
    "children": [
      {
        "id": "86b71e6e11674a68",
        "type": "tabs",
        "children": [
          {
            "id": "49c3d8eed2f732dc",
            "type": "leaf",
            "state": {
              "type": "backlink",
              "state": {
                "file": "segundo analisis (comprobación hipótesis=/preparación de los textos/DESCRIPCIÓN DETALLADA DE CÓMO CONSEGUÍ LOS METADATOS Y DE QUÉ ES UN JSON.md",
                "collapseAll": false,
                "extraContext": false,
                "sortOrder": "alphabetical",
                "showSearch": false,
                "searchQuery": "",
                "backlinkCollapsed": false,
                "unlinkedCollapsed": true
              }
            }
          },
          {
            "id": "bd60de9909c2515a",
            "type": "leaf",
            "state": {
              "type": "outgoing-link",
              "state": {
                "file": "segundo analisis (comprobación hipótesis=/preparación de los textos/DESCRIPCIÓN DETALLADA DE CÓMO CONSEGUÍ LOS METADATOS Y DE QUÉ ES UN JSON.md",
                "linksCollapsed": false,
                "unlinkedCollapsed": true
              }
            }
          },
          {
            "id": "034194d05f1ce1b8",
            "type": "leaf",
            "state": {
              "type": "tag",
              "state": {
                "sortOrder": "frequency",
                "useHierarchy": true
              }
            }
          },
          {
            "id": "df263744aeaabe6f",
            "type": "leaf",
            "state": {
              "type": "outline",
              "state": {
                "file": "segundo analisis (comprobación hipótesis=/preparación de los textos/DESCRIPCIÓN DETALLADA DE CÓMO CONSEGUÍ LOS METADATOS Y DE QUÉ ES UN JSON.md"
              }
            }
          }
        ]
      }
    ],
    "direction": "horizontal",
    "width": 300,
    "collapsed": true
  },
  "left-ribbon": {
    "hiddenItems": {
      "switcher:Open quick switcher": false,
      "graph:Open graph view": false,
      "canvas:Create new canvas": false,
      "daily-notes:Open today's daily note": false,
      "templates:Insert template": false,
      "command-palette:Open command palette": false
    }
  },
  "active": "4155ce319d1e8001",
  "lastOpenFiles": [
    "bs1-outline.md",
    "segundo analisis (comprobación hipótesis=/preparación de los textos/DESCRIPCIÓN DETALLADA DE CÓMO CONSEGUÍ LOS METADATOS Y DE QUÉ ES UN JSON.md",
    "2024-07-27.md",
    "Untitled.md",
    "segundo analisis (comprobación hipótesis=/preparación de los textos",
    "segundo analisis (comprobación hipótesis=",
    "primer analisis (títulos)",
    "bs1.txt",
    "bs1.mkd"
  ]
}